14265,sample test comment
22773,
7065,
7922,
10796,
11426,
22773,
3356,
15169,
2386,
30036,
7922,
209,
22773,
40459,
16509,
20001,
22773,
27896,
7018,
11351,
2711,
3549,
36295,
46887,
6128,
701,
7018,
7922,
22773,
33363,
701,
7922,
7015,
7922,
3356,
6181,
209,
11427,
16591,
209,
7018,
14618,
15169,
16509,
22773,
263212,
7132,
11351,
11880,
30219,
3265,
3356,
3549,
6805,
7014,
7474,
7828,
8190,
8689,
2828,
33363,
7922,
7725,
22660,
22773,
32732,
6400,
393293,
143,
174,
20001,
22773,
30259,
393713,
701,
7922,
22925,
7922,
27887,
27896,
33363,
3356,
395884,
7922,
16915,
209,
30221,
57976,